登録番号,講義名
#####,日本語初級Ａ－１
*****,プログラミング基礎
*****,プログラミング基礎
#####,日本語初級Ａ－２
33504,スポーツと心の科学
33505,スポーツ科学の理論と実践
33506,スポーツ科学概論
*****,プログラミング基礎演習
*****,プログラミング基礎演習
33514,人間科学研究法
33515,数学入門
33516,数学入門
33517,数学入門
33518,社会数理入門Ⅰ
33519,社会数理入門Ⅰ
33520,社会数理入門Ⅰ
*****,イングリッシュプレゼンテーション
33508,心理学演習
33509,社会数理入門
33510,社会数理入門
33511,社会数理入門
33521,社会数理入門Ⅱ
33522,社会数理入門Ⅱ
33523,社会数理入門Ⅱ
*****,Ｐｒｅｓｅｎｔａｔｉｏｎ ａｎｄ Ｐｒｏｎｕｎｃｉａｔｉｏｎ Ｓｋｉｌｌｓ
*****,イングリッシュプレゼンテーション
+++++,ビジネスライティング
33531,社会調査法Ⅰ
33534,情報政策
*****,Ｐｒｅｓｅｎｔａｔｉｏｎ ａｎｄ Ｐｒｏｎｕｎｃｉａｔｉｏｎ Ｓｋｉｌｌｓ
+++++,Ｂｕｓｉｎｅｓｓ Ｅｎｇｌｉｓｈ
#####,人間科学概論
#####,人間科学概論（再）
+++++,英語実践演習Ⅲ
33530,ウェブ論
*****,時事英語
*****,社会調査法Ⅱ
33535,構造幾何Ⅲ
+++++,Ａｄｖａｎｃｅｄ Ｔｅｓｔ－Ｔａｋｉｎｇ Ｓｋｉｌｌｓ
*****,Ｃｕｒｒｅｎｔ Ｅｎｇｌｉｓｈ
#####,Ｉｎｔｅｇｒａｔｅｄ ＥｎｇｌｉｓｈⅠ
#####,Ｉｎｔｅｇｒａｔｅｄ ＥｎｇｌｉｓｈⅠ（再）
#####,Ｉｎｔｅｇｒａｔｅｄ ＥｎｇｌｉｓｈⅠ
#####,Ｉｎｔｅｇｒａｔｅｄ ＥｎｇｌｉｓｈⅠ
#####,Ｉｎｔｅｇｒａｔｅｄ ＥｎｇｌｉｓｈⅠ
#####,Ｉｎｔｅｇｒａｔｅｄ ＥｎｇｌｉｓｈⅠ
33550,確率統計
33551,社会数理Ⅰ
*****,時事英語
33554,社会学
33557,確率統計Ⅰ
*****,Ｃｕｒｒｅｎｔ Ｅｎｇｌｉｓｈ
#####,Ｉｎｔｅｇｒａｔｅｄ ＥｎｇｌｉｓｈⅡ（再）
#####,Ｉｎｔｅｇｒａｔｅｄ ＥｎｇｌｉｓｈⅡ
#####,Ｉｎｔｅｇｒａｔｅｄ ＥｎｇｌｉｓｈⅡ
#####,Ｉｎｔｅｇｒａｔｅｄ ＥｎｇｌｉｓｈⅡ
#####,Ｉｎｔｅｇｒａｔｅｄ ＥｎｇｌｉｓｈⅡ
33552,社会数理Ⅱ
33555,人間・情報特別講義Ｂ
*****,アルゴリズムとデータ構造
33558,確率統計Ⅱ
*****,データ構造とアルゴリズム
33560,スポーツ・パフォーマンス論
#####,Ｉｎｔｅｇｒａｔｅｄ ＥｎｇｌｉｓｈⅠ
#####,Ｉｎｔｅｇｒａｔｅｄ ＥｎｇｌｉｓｈⅠ
#####,Ｉｎｔｅｇｒａｔｅｄ ＥｎｇｌｉｓｈⅠ
#####,Ｉｎｔｅｇｒａｔｅｄ ＥｎｇｌｉｓｈⅠ
#####,Ｉｎｔｅｇｒａｔｅｄ ＥｎｇｌｉｓｈⅠ
*****,英語実践演習Ⅳ
+++++,プロジェクトマネジメント
33573,構造幾何Ⅱ
33574,社会数理Ⅰ
33576,社会・人間特別講義Ｂ
*****,Ｃｕｌｔｕｒａｌ Ｓｔｕｄｉｅｓ
33578,グループダイナミクス論
#####,Ｉｎｔｅｇｒａｔｅｄ ＥｎｇｌｉｓｈⅡ
#####,Ｉｎｔｅｇｒａｔｅｄ ＥｎｇｌｉｓｈⅡ
#####,Ｉｎｔｅｇｒａｔｅｄ ＥｎｇｌｉｓｈⅡ
#####,Ｉｎｔｅｇｒａｔｅｄ ＥｎｇｌｉｓｈⅡ
33571,社会心理学
33357,社会数理Ⅱ 社会情報特別講義［オンライン］ 社会情報特別講義［オンライン］ 社会情報特別講義（再）［オンライン］ 社会情報特別講義（再）［オンライン］
#####,社会情報特別講義［オンライン］
#####,社会情報特別講義［オンライン］
#####,社会情報特別講義（再）［オンライン］
#####,社会情報特別講義（再）［オンライン］
33581,データサイエンス・ＡＩ概論［オンライン］
33582,社会統計
33584,グローバルビジネス
33586,集合と位相
33587,マーケティング論
33583,データ分析
33585,構造幾何Ⅰ
#####,コミュニケーション基礎（再）
#####,コミュニケーション基礎
33590,意思決定理論と実践
33592,公共経済学
+++++,コーポレートファイナンス
33596,複素解析
33598,合理的思考と社会行動
33599,コミュニケーション心理学
33601,複素解析Ⅰ
33603,意思決定論
*****,Ｅｎｇｌｉｓｈ ｆｏｒ ｔｈｅ Ｓｃｈｏｏｌ ｏｆ Ｓｏｃｉａｌ Ｉｎｆｏｒｍａｔｉｃｓ
*****,データ分析演習
+++++,数理ファイナンス
*****,情報システム計画
33597,社会・情報特別講義Ａ
33600,経営学
33602,複素解析Ⅱ
33604,資源循環論
33606,数の歴史
*****,計量経済学Ⅰ
33610,情報化社会と法
33611,現代の世界と日本
*****,計量経済学
#####,ゼミナールⅠ
33615,プロジェクト演習入門Ⅰ
33617,現代社会論
33618,プロジェクト演習入門
33608,学習心理学
+++++,計量経済学Ⅱ
+++++,計量経済学演習
33616,プロジェクト演習入門Ⅱ
33619,コミュニティと社会変革の心理学
#####,社会情報体験演習（再）
#####,社会情報体験演習（再）
#####,社会情報体験演習
#####,社会情報ナビゲーション
+++++,社会統計演習
*****,システム分析･設計応用
33632,構造幾何入門
#####,社会情報ナビゲーション（再）
#####,統計入門
#####,統計入門
#####,統計入門（再）
#####,統計入門
+++++,ネットワーク構築演習
#####,ゼミナールⅡ
33631,現象の数理
+++++,インフラ構築演習
33635,人間・情報特別講義Ａ
#####,ゼミナールⅠ
33638,リエゾン特別講義Ｂ
33634,文化心理学
#####,ゼミナールⅡ
33639,心理学特別講義
33640,人間科学特別講義Ⅰ
33641,数理代数Ⅰ
33642,構造幾何特別演習
33651,社会数理Ⅲ
#####,Ｔｅｓｔ－Ｔａｋｉｎｇ　ＳｋｉｌｌｓⅡ
#####,Ｔｅｓｔ－Ｔａｋｉｎｇ　ＳｋｉｌｌｓⅡ
#####,Ｔｅｓｔ－Ｔａｋｉｎｇ　ＳｋｉｌｌｓⅡ
#####,Ｔｅｓｔ－Ｔａｋｉｎｇ　ＳｋｉｌｌｓⅡ
#####,Ｔｅｓｔ－Ｔａｋｉｎｇ　ＳｋｉｌｌｓⅡ
#####,Ｔｅｓｔ－Ｔａｋｉｎｇ　ＳｋｉｌｌｓⅡ（再）
+++++,英語実践演習Ⅰ
33650,数理代数Ⅲ
#####,Ｔｅｓｔ－Ｔａｋｉｎｇ　ＳｋｉｌｌｓⅡ（再）
#####,Ｔｅｓｔ－Ｔａｋｉｎｇ　ＳｋｉｌｌｓⅡ（再）
#####,Ｔｅｓｔ－Ｔａｋｉｎｇ　ＳｋｉｌｌｓⅡ（再）
#####,Ｔｅｓｔ－Ｔａｋｉｎｇ　ＳｋｉｌｌｓⅡ（再）
#####,Ｔｅｓｔ－Ｔａｋｉｎｇ　ＳｋｉｌｌｓⅡ（再）
#####,日本語初級Ｂ－１
33654,日本語中級Ａ－１
33656,日本語中級Ａ－１
#####,日本語初級Ｂ－２
33655,日本語中級Ａ－２
33657,日本語中級Ａ－２
33658,日本語中級Ｂ－１
33659,日本語中級Ｂ－２
33660,日本語初級Ｃ－１
33662,日本語初級Ｃ－１
33661,日本語初級Ｃ－２
33663,日本語初級Ｃ－２
#####,プロジェクト演習Ⅰ
#####,プロジェクト演習Ⅰ
+++++,データマイニング
+++++,データマイニングＡ
+++++,コンピュータグラフィックス
33668,数理代数Ⅱ
+++++,データマイニング演習
+++++,メディアコンテンツ制作
+++++,データマイニングＢ
33674,経営戦略論
33677,情報産業論
33680,発達心理学
33681,数理情報Ⅲ
*****,計算社会科学
+++++,ビジネスライティング
+++++,コーポレートガバナンス
33676,離散数学
+++++,社会・人間特別講義Ａ
33679,情報デザイン
+++++,Ｂｕｓｉｎｅｓｓ Ｅｎｇｌｉｓｈ
+++++,社会調査実習Ⅱ
*****,機械学習演習
33687,証券市場Ⅰ
33689,情報社会論
*****,ワークショップデザイン
33693,エネルギー経済論
#####,プロジェクト演習Ⅰ
33698,経済政策
*****,学習環境デザイン実践Ⅰ
+++++,コンピュータネットワーク基礎
33688,証券市場Ⅱ
33691,観光経済論
+++++,マルチメディア学習論
#####,プロジェクト演習Ⅰ
#####,プロジェクト演習Ⅱ
33697,環境経済論
+++++,学習と教育の科学
*****,メディアコミュニケーション
33703,インベストメント
33705,数理情報Ⅰ
+++++,社会調査実習
+++++,社会調査実習Ⅰ
+++++,情報科学総合演習Ａ
*****,学習環境デザイン実践Ⅱ
33702,認知心理学
*****,デリバティブズ
33706,数理情報Ⅱ
*****,情報科学総合演習
33709,会計学
*****,情報科学総合演習Ｂ
33714,数理情報Ⅰ
#####,ゼミナールⅠ
#####,ゼミナールⅠ
#####,ゼミナールⅠ
#####,ゼミナールⅠ
#####,ゼミナールⅠ
#####,ゼミナールⅠ
#####,ゼミナールⅠ
#####,ゼミナールⅠ
#####,ゼミナールⅠ
#####,ゼミナールⅠ
#####,ゼミナールⅠ
#####,ゼミナールⅠ
#####,ゼミナールⅠ
#####,ゼミナールⅠ
#####,ゼミナールⅠ
#####,ゼミナールⅠ
#####,ゼミナールⅠ
#####,ゼミナールⅠ
33715,数理情報Ⅱ
#####,ゼミナールⅡ
#####,ゼミナールⅡ
#####,ゼミナールⅡ
#####,ゼミナールⅡ
#####,ゼミナールⅡ
#####,ゼミナールⅡ
#####,ゼミナールⅡ
#####,ゼミナールⅡ
#####,ゼミナールⅡ
#####,ゼミナールⅡ
#####,ゼミナールⅡ
#####,ゼミナールⅡ
#####,ゼミナールⅡ
#####,ゼミナールⅡ
#####,ゼミナールⅡ
#####,ゼミナールⅠ
#####,ゼミナールⅠ
#####,ゼミナールⅠ
#####,Ｔｅｓｔ－Ｔａｋｉｎｇ ＳｋｉｌｌｓⅠ
#####,Ｔｅｓｔ－Ｔａｋｉｎｇ ＳｋｉｌｌｓⅠ
#####,Ｔｅｓｔ－Ｔａｋｉｎｇ ＳｋｉｌｌｓⅠ
#####,Ｔｅｓｔ－Ｔａｋｉｎｇ ＳｋｉｌｌｓⅠ
#####,Ｔｅｓｔ－Ｔａｋｉｎｇ ＳｋｉｌｌｓⅠ
#####,Ｔｅｓｔ－Ｔａｋｉｎｇ ＳｋｉｌｌｓⅠ（再）
+++++,英語実践演習Ⅱ
*****,オブジェクト指向プログラミング
*****,プログラミング応用
#####,Ｔｅｓｔ－Ｔａｋｉｎｇ ＳｋｉｌｌｓⅠ（再）
#####,Ｔｅｓｔ－Ｔａｋｉｎｇ ＳｋｉｌｌｓⅠ（再）
#####,Ｔｅｓｔ－Ｔａｋｉｎｇ ＳｋｉｌｌｓⅠ（再）
#####,Ｔｅｓｔ－Ｔａｋｉｎｇ ＳｋｉｌｌｓⅠ（再）
#####,Ｔｅｓｔ－Ｔａｋｉｎｇ ＳｋｉｌｌｓⅠ（再）
#####,コンピューティング実習
#####,コンピューティング実習（再）
#####,コンピューティング実習
#####,コンピューティング実習
#####,コンピューティング実習
#####,コンピューティング実習（再）
*****,ウェブテクノロジー
33768,ヒューマンインタフェース
33769,経済数学
*****,オブジェクト指向プログラミング演習
33773,ミクロ経済学Ⅰ
*****,プログラミング応用演習
33777,経済分析
33770,メディア論
*****,ウェブプログラミング演習
33774,ミクロ経済学Ⅱ
*****,ウェブテクノロジー演習
#####,情報科学概論
#####,情報科学概論
#####,情報科学概論（再）
#####,情報科学概論
#####,情報科学概論（再）
33788,マクロ経済学Ⅰ
33791,数理解析基礎Ⅱ
33793,認知科学
#####,社会科学概論
#####,社会科学概論（再）
33785,数理解析基礎
33786,情報と職業
*****,データベースシステム
33789,マクロ経済学Ⅱ
33790,数理解析基礎Ⅰ
*****,ソフトウェア工学
33796,情報倫理
33797,情報科学基礎
*****,情報システム演習
*****,システム分析・設計基礎
33795,金融論
*****,データベース基礎
*****,システム分析・設計基礎演習
*****,インターンシップ
33802,情報セキュリティ
#####,卒業研究Ⅰ
#####,卒業研究Ⅰ
#####,卒業研究Ⅰ
#####,卒業研究Ⅰ
#####,卒業研究Ⅰ
#####,卒業研究Ⅰ
#####,卒業研究Ⅰ
#####,卒業研究Ⅰ
#####,卒業研究Ⅰ
#####,卒業研究Ⅰ
#####,卒業研究Ⅰ
#####,卒業研究Ⅰ
#####,卒業研究Ⅰ
#####,卒業研究Ⅰ
#####,卒業研究Ⅰ
#####,卒業研究Ⅰ
#####,卒業研究Ⅰ
#####,卒業研究Ⅰ
#####,卒業研究Ⅰ
#####,特定課題演習/研究Ⅰ
#####,特定課題演習/研究Ⅰ
#####,特定課題演習/研究Ⅰ
#####,特定課題演習/研究Ⅰ
#####,特定課題演習/研究Ⅰ
#####,特定課題演習/研究Ⅰ
#####,特定課題演習/研究Ⅰ
#####,特定課題演習/研究Ⅰ
#####,特定課題演習/研究Ⅰ
#####,特定課題演習/研究Ⅰ
#####,特定課題演習/研究Ⅰ
#####,特定課題演習/研究Ⅰ
#####,特定課題演習/研究Ⅰ
#####,特定課題演習/研究Ⅰ
#####,特定課題演習/研究Ⅰ
#####,特定課題演習/研究Ⅰ
#####,特定課題演習/研究Ⅰ
#####,特定課題演習/研究Ⅰ
#####,特定課題演習/研究Ⅰ
#####,特定課題演習/研究Ⅰ
#####,特定課題演習/研究Ⅰ
#####,特定課題演習/研究Ⅰ
33885,健康スポーツキャリア演習Ａ
33887,スポーツビジネスキャリア演習Ａ
33889,人間科学特別講義Ⅱ
#####,卒業研究Ⅱ
#####,卒業研究Ⅱ
#####,卒業研究Ⅱ
#####,卒業研究Ⅱ
#####,卒業研究Ⅱ
#####,卒業研究Ⅱ
#####,卒業研究Ⅱ
#####,卒業研究Ⅱ
#####,卒業研究Ⅱ
#####,卒業研究Ⅱ
#####,卒業研究Ⅱ
#####,卒業研究Ⅱ
#####,卒業研究Ⅱ
#####,卒業研究Ⅱ
#####,卒業研究Ⅱ
#####,卒業研究Ⅱ
#####,卒業研究Ⅱ
#####,卒業研究Ⅱ
#####,卒業研究Ⅱ
#####,特定課題演習/研究Ⅱ
#####,特定課題演習/研究Ⅱ
#####,特定課題演習/研究Ⅱ
#####,特定課題演習/研究Ⅱ
#####,特定課題演習/研究Ⅱ
#####,特定課題演習/研究Ⅱ
#####,特定課題演習/研究Ⅱ
#####,特定課題演習/研究Ⅱ
#####,特定課題演習/研究Ⅱ
#####,特定課題演習/研究Ⅱ
#####,特定課題演習/研究Ⅱ
#####,特定課題演習/研究Ⅱ
#####,特定課題演習/研究Ⅱ
#####,特定課題演習/研究Ⅱ
#####,特定課題演習/研究Ⅱ
#####,特定課題演習/研究Ⅱ
#####,特定課題演習/研究Ⅱ
#####,特定課題演習/研究Ⅱ
#####,特定課題演習/研究Ⅱ
#####,特定課題演習/研究Ⅱ
#####,特定課題演習/研究Ⅱ
#####,特定課題演習/研究Ⅱ
33886,健康スポーツキャリア演習Ｂ
33888,スポーツビジネスキャリア演習Ｂ
